meanBlue,meanRed,sdBlue,skewnessBlue,dfRG,dfRB,dfGB,entropyBlue,energyBlue,contrastBlue,homogeneityBlue,coverage,clase
0.444514,0.645,0.509795,0.491592,0.732321,0.781655,0.684974,0.458533,0.089991,0.113882,0.292229,0.641116,nube
0.40973,0.741203,0.442381,0.290032,0.834975,0.969188,0.919109,0.672627,0.457343,0.022489,0.635851,0.989988,nube
0.382101,0.401923,0.604246,0.645405,0.485077,0.504813,0.435522,0.584807,0.117571,0.179957,0.234583,0.188739,multinube
0.82436,0.872853,0.653143,0.083531,0.665466,0.619985,0.461375,0.390503,0.22271,0.107298,0.313248,0.199792,nube
0.228787,0.307158,0.651988,0.861082,0.449607,0.565936,0.581114,0.467545,0.21034,0.022128,0.651778,0.067681,multinube
0.246983,0.540704,0.523114,0.739017,0.870404,0.886672,0.735083,0.506209,0.109589,0.066676,0.424422,0.664326,multinube
0.736465,0.932777,0.612923,0.15525,0.795254,0.823602,0.69717,0.433493,0.140478,0.5136,0.060675,0.863468,nube
0.323687,0.568584,0.585017,0.601079,0.693495,0.827272,0.806046,0.399063,0.142284,0.03914,0.431611,0.434692,nube
0.721276,0.88581,0.642896,0.136496,0.785302,0.774212,0.618337,0.520797,0.298891,0.042048,0.467174,0.600871,nube
0.435036,0.749172,0.833642,0.767251,0.914316,0.947778,0.800858,0.584223,0.059092,0.374543,0.078247,0.931474,nube
0.465685,0.499246,0.607117,0.601561,0.538464,0.538856,0.443096,0.547702,0.227131,0.092985,0.38742,0.231844,multinube
0.352494,0.482513,0.663893,0.746621,0.595279,0.662523,0.608431,0.516519,0.125507,0.201925,0.310097,0.377284,multinube
0.343056,0.227628,0.382942,0.565661,0.416865,0.298825,0.133573,0.53515,0.175919,0.035862,0.56324,0.019765,nube
0.783208,0.565653,0.738451,0.246122,0.225988,0.220666,0.184835,0.441563,0.242018,0.422359,0.220899,0.093492,nube
0.767316,0.719796,0.704568,0.204132,0.467376,0.468923,0.388759,0.451333,0.206192,0.451927,0.171766,0.218906,nube
0.331379,0.615796,0.61434,0.82605,0.855584,0.88685,0.750297,0.604307,0.276949,0.049637,0.501083,0.579611,multinube
0.430684,0.69967,0.579496,0.433747,0.764835,0.880445,0.829987,0.614393,0.106847,0.521712,0.032425,0.753527,nube
0.556205,0.767819,0.757232,0.483054,0.795649,0.816478,0.68396,0.374603,0.022823,0.190859,0.166898,0.528964,nube
0.548149,0.733385,0.770504,0.479567,0.700548,0.77623,0.707151,0.507522,0.377727,0.017321,0.740437,0.465184,nube
0.413305,0.691861,0.594314,0.462819,0.736563,0.891701,0.878648,0.477913,0.105285,0.191588,0.164248,0.719069,nube
0.528816,0.663981,0.677544,0.508087,0.687929,0.699168,0.581224,0.393747,0.209957,0.071574,0.39444,0.139848,multinube
0.524566,0.692519,0.746945,0.528251,0.660995,0.746845,0.694049,0.614621,0.358674,0.005707,0.802662,0.382095,nube
0.384851,0.396654,0.705604,0.706382,0.454437,0.493434,0.445849,0.637375,0.278573,0.13439,0.431946,0.135687,nube
0.173041,0.176169,0.323996,0.630891,0.354711,0.445733,0.460284,0.572377,0.27619,0.032382,0.592693,0.012808,nube
0.49374,0.284103,0.659516,0.459543,0.164916,0.184652,0.18144,0.55163,0.263908,0.025654,0.639914,0.053313,nube
0.328798,0.340212,0.516085,0.763419,0.497513,0.483624,0.384912,0.543044,0.313096,0.017716,0.699855,0.022365,nube
0.718067,0.915124,0.506535,0.124171,0.782928,0.82167,0.706084,0.429524,0.148209,0.268125,0.123422,0.932449,nube
0.419436,0.73996,0.293933,0.273863,0.866607,0.954633,0.861138,0.60315,0.359174,0.033307,0.557097,0.889019,multinube
0.081721,0.045024,0.300692,0.722755,0.325563,0.371928,0.356828,0.67946,0.35337,0.008637,0.83254,0.020415,nube
0.26342,0.128292,0.487441,0.773842,0.309268,0.256637,0.165834,0.565179,0.318077,0.002807,0.872104,0.005526,cieloDespejado
0.562387,0.569025,0.542209,0.315417,0.522303,0.515066,0.416548,0.498761,0.234914,0.150418,0.304932,0.203173,nube
0.357594,0.612999,0.544943,0.746682,0.793104,0.848362,0.743867,0.553909,0.192245,0.134351,0.255791,0.470516,nube
0.41841,0.604717,0.660404,0.659375,0.747085,0.756433,0.624769,0.292641,0.030743,0.071647,0.380692,0.427475,nube
0.542417,0.442217,0.683249,0.554373,0.38239,0.354141,0.267719,0.351907,0.160414,0.127458,0.253157,0.024251,nube
0.135513,0.071696,0.256366,0.642184,0.368702,0.340777,0.257438,0.644206,0.336687,0.009692,0.774913,0.012548,nube
0.451132,0.537805,0.711424,0.551735,0.586083,0.614822,0.531873,0.33589,0.033349,0.136672,0.234851,0.401144,multinube
0.631045,0.492101,0.701913,0.447169,0.334983,0.31158,0.238812,0.247732,0.055746,0.120426,0.251624,0.0407,multinube
0.673276,0.872019,0.493819,0.153256,0.817907,0.816777,0.662127,0.514687,0.262288,0.043697,0.49559,0.561602,multinube
0.257815,0.588857,0.626139,0.746146,0.77696,0.943522,0.931255,0.510855,0.118033,0.055659,0.414801,0.626032,multinube
0.372572,0.385319,0.607939,0.797353,0.543597,0.492803,0.355102,0.542179,0.317599,0.040149,0.492114,0.120863,nube
0.743512,0.680745,0.767521,0.27371,0.404664,0.442506,0.404273,0.423172,0.144054,0.323892,0.199329,0.285287,multinube
0.331918,0.571718,0.616669,0.593195,0.708681,0.821109,0.779698,0.448076,0.054809,0.160965,0.259966,0.621091,nube
0.337576,0.407382,0.638879,0.851104,0.585809,0.571225,0.453733,0.626612,0.188414,0.107183,0.398715,0.243092,nube
0.2405,0.231965,0.296368,0.572235,0.417314,0.439642,0.386407,0.574317,0.292518,0.019063,0.687985,0.004226,nube
0.205749,0.249316,0.422871,0.608679,0.39442,0.510789,0.537387,0.534916,0.234989,0.030279,0.524865,0.031337,nube
0.251354,0.002778,0.384222,0.482689,0.110626,0.087263,0.060834,0.614958,0.306505,0.004034,0.873697,0.020155,cieloDespejado
0.359562,0.544801,0.711224,0.701455,0.67036,0.745162,0.681611,0.673275,0.087613,0.54784,0.066653,0.359209,nube
0.779765,0.875845,0.761527,0.224491,0.765737,0.682849,0.473667,0.459286,0.106532,0.855689,0,0.225278,nube
0.32554,0.383158,0.464452,0.722042,0.550289,0.551259,0.453521,0.425682,0.192063,0.041449,0.483751,0.098368,nube
0.480824,0.587864,0.675024,0.593696,0.640695,0.649763,0.539833,0.606615,0.241152,0.129404,0.325854,0.322216,nube
0.543319,0.451785,0.59755,0.427591,0.363026,0.367076,0.310447,0.394467,0.190742,0.048138,0.454017,0.091737,nube
0.467705,0.6641,0.515864,0.550097,0.733498,0.779441,0.679809,0.754616,0.641394,0.008412,0.836354,0.273974,nube
0.438079,0.481898,0.512134,0.507083,0.573988,0.549442,0.426433,0.502709,0.16474,0.07906,0.38672,0.143229,multinube
0.293941,0.2264,0.589432,0.848822,0.393065,0.361387,0.270023,0.614255,0.349751,0.013901,0.714535,0.059879,nube
0.619017,0.496203,0.659515,0.319751,0.306331,0.333397,0.306852,0.492318,0.224091,0.034615,0.555596,0.068591,nube
0.416085,0.632432,0.580097,0.568419,0.697239,0.800374,0.753903,0.413567,0.108402,0.132768,0.247095,0.472921,multinube
0.647552,0.39249,0.64734,0.325735,0.091944,0.142974,0.179818,0.467992,0.186777,0.011003,0.718186,0.039464,cieloDespejado
0.676004,0.925318,0.502793,0.155575,0.910748,0.89184,0.70383,0.449122,0.145559,0.204207,0.1732,0.990443,nube
0.32143,0.169351,0.389126,0.62702,0.296775,0.241185,0.150596,0.501057,0.20882,0.016676,0.6384,0.004161,nube
0.392734,0.462768,0.766426,0.740152,0.556203,0.580648,0.500439,0.326764,0.050776,0.076803,0.353814,0.177817,nube
0.311315,0.416295,0.601756,0.821205,0.572905,0.618795,0.552266,0.574252,0.400213,0.01938,0.686509,0.091411,nube
0.26056,0.512172,0.547544,0.823374,0.873213,0.826779,0.62453,0.389897,0.055266,0.085263,0.387504,0.455302,nube
0.746685,0.604127,0.704961,0.277524,0.284756,0.325302,0.313976,0.509239,0.213604,0.142171,0.428645,0.12782,nube
0.282692,0.396021,0.682895,0.883752,0.601901,0.626396,0.536795,0.456398,0.211845,0.015304,0.664852,0.163839,nube
0.513891,0.665244,0.679834,0.581822,0.696851,0.720594,0.610794,0.465226,0.11274,0.302316,0.168283,0.476887,nube
0.351797,0.564331,0.61855,0.737676,0.73832,0.784156,0.683442,0.540833,0.148872,0.17328,0.209961,0.394968,nube
0.599773,0.507068,0.65121,0.387563,0.394731,0.374649,0.292204,0.588279,0.397566,0.014946,0.717241,0.109291,nube
0.416535,0.597259,0.654324,0.580246,0.617693,0.747888,0.739447,0.571606,0.254632,0.086711,0.334103,0.427801,multinube
0.374304,0.646207,0.571209,0.662444,0.798646,0.875458,0.787034,0.776448,0.716044,0.012136,0.737584,0.374618,nube
0.391044,0.667482,0.38984,0.423247,0.824392,0.884909,0.778156,0.72571,0.524583,0.006552,0.805618,0.537416,nube
0.313364,0.557291,0.506966,0.635236,0.735941,0.82414,0.757753,0.527866,0.152332,0.092944,0.340383,0.605812,nube
0.439495,0.487727,0.634544,0.539365,0.497589,0.556186,0.515351,0.528742,0.233099,0.055347,0.440516,0.208569,multinube
0.709464,0.436471,0.60815,0.299308,0.165394,0.126718,0.076756,0.530884,0.242292,0.006063,0.828497,0.031402,cieloDespejado
0.600386,0.778879,0.73131,0.404709,0.76234,0.774889,0.642632,0.817498,0.8493,0.009786,0.813151,0.305442,nube
0.32208,0.54617,0.466293,0.683769,0.76738,0.796308,0.676094,0.500094,0.182373,0.079446,0.361379,0.405695,multinube
0.316545,0.614792,0.539763,0.581203,0.771423,0.90481,0.86719,0.658326,0.375152,0.018933,0.694797,0.593394,nube
0.51513,0.391351,0.523269,0.345875,0.284142,0.314855,0.295803,0.493376,0.217845,0.033023,0.521592,0.103634,multinube
0.626935,0.90313,0.485097,0.270345,0.935646,0.923417,0.735603,0.578227,0.338577,0.059523,0.424936,0.733892,multinube
0.437079,0.719434,0.567739,0.501801,0.774447,0.901224,0.8577,0.455556,0.166114,0.032093,0.547641,0.884923,multinube
0.257871,0.293639,0.466393,0.843001,0.590709,0.50787,0.334853,0.554614,0.226946,0.034007,0.52866,0.10539,nube
0.293941,0.340295,0.52529,0.84818,0.598635,0.529432,0.365669,0.522729,0.249165,0.031793,0.531196,0.136337,nube
0.340263,0.203306,0.667613,0.684936,0.222762,0.266599,0.270697,0.365609,0.221846,0.125787,0.591294,0.06443,nube
0.434853,0.374957,0.645914,0.665223,0.395223,0.395884,0.329903,0.644844,0.397255,0.005038,0.866142,0.068266,nube
1,0.654789,0.807849,0.060017,0.021579,0.068037,0.115751,0.737703,0.799725,0.139681,0.266121,0.004226,multinube
0.251679,0.47607,0.452321,0.621876,0.669305,0.785152,0.7546,0.554947,0.187294,0.045036,0.505714,0.410962,multinube
0.410786,0.283646,0.597934,0.620313,0.282646,0.292705,0.257464,0.464563,0.187081,0.037633,0.535138,0.037969,nube
0.369824,0.512969,0.41125,0.557027,0.735617,0.684746,0.507353,0.569872,0.215149,0.129161,0.284423,0.408946,nube
0.720108,0.833537,0.790656,0.278753,0.692134,0.698618,0.576007,0.340201,0.122129,0.067172,0.376169,0.103049,nube
0.253507,0.221549,0.416527,0.729102,0.430928,0.407226,0.314418,0.694617,0.264017,0.091567,0.521033,0.087511,nube
0.175156,0.119832,0.316913,0.655414,0.37757,0.359841,0.282815,0.66495,0.394443,0.001357,0.940527,0.007607,cieloDespejado
0.305248,0.58254,0.563555,0.624276,0.690978,0.872032,0.889085,0.532672,0.281274,0.057982,0.376548,0.641571,multinube
0.176288,0.501206,0.316659,0.472367,0.69351,0.921053,0.974713,0.531007,0.241602,0.028927,0.557201,0.638385,nube
0.402333,0.628563,0.594538,0.56275,0.721868,0.812688,0.751298,0.612668,0.235766,0.112346,0.326021,0.391977,nube
0.277367,0.318739,0.391405,0.548773,0.447947,0.519351,0.49899,0.60597,0.260649,0.031295,0.586368,0.087641,nube
0.669079,0.871796,0.549375,0.097946,0.824726,0.821949,0.664576,0.639198,0.452111,0.029818,0.551381,0.573695,nube
0.241867,0.063975,0.44914,0.602461,0.142102,0.18999,0.213971,0.626574,0.323363,0.002235,0.862868,0.029257,cieloDespejado
0.263621,0.03535,0.421482,0.600695,0.122289,0.119242,0.106632,0.586475,0.297556,0.005388,0.848158,0.017424,cieloDespejado
0.465852,0.708506,0.692374,0.523481,0.716555,0.847387,0.81905,0.400262,0.372055,0.078143,0.515734,0.46694,multinube
0.50209,0.664242,0.547835,0.579584,0.773921,0.734583,0.558495,0.569886,0.385355,0.01833,0.66647,0.228984,nube
0.480439,0.365285,0.470863,0.358947,0.302867,0.321865,0.289592,0.630812,0.23846,0.049357,0.543771,0.130876,multinube
0.343751,0.334803,0.600276,0.79624,0.432785,0.456045,0.40036,0.592342,0.338902,0.009638,0.758932,0.064235,nube
0.508217,0.801749,0.509303,0.412729,0.813261,0.929436,0.869434,0.954468,0.958126,0.002145,0.941359,0.807165,nube
0.493169,0.694377,0.653307,0.671518,0.865612,0.790738,0.567344,0.500186,0.270679,0.050857,0.471249,0.372473,multinube
0.686589,0.805991,0.623514,0.240449,0.73372,0.701907,0.540127,0.661489,0.445993,0.025951,0.662156,0.38346,nube
0.354665,0.15221,0.466949,0.613817,0.220384,0.172335,0.103535,0.592996,0.293894,0.003514,0.879188,0.007412,nube
0.492478,0.710647,0.68302,0.473602,0.716033,0.815648,0.762488,0.373231,0.108976,0.100786,0.309757,0.537416,multinube
0.547967,0.259353,0.640565,0.426534,0.08845,0.077061,0.064772,0.429172,0.163469,0.030348,0.539634,0.027566,nube
0.3818,0.540431,0.732388,0.788294,0.66539,0.709567,0.622581,0.550237,0.288576,0.043849,0.508904,0.388141,nube
0.347137,0.525527,0.689111,0.727696,0.654185,0.73301,0.676009,0.517049,0.112439,0.098126,0.349221,0.453677,multinube
0.462856,0.639477,0.673538,0.684098,0.721918,0.749466,0.637531,0.57149,0.201847,0.151191,0.294934,0.375073,multinube
0.362951,0.581666,0.66709,0.755537,0.73861,0.795112,0.702859,0.667472,0.341239,0.041216,0.531634,0.319355,multinube
0.210127,0.248356,0.445205,0.845375,0.483965,0.503635,0.43452,0.561101,0.286333,0.030805,0.601182,0.091802,nube
0.201276,0.367168,0.085906,0.255434,0.624788,0.690536,0.629158,0.750343,0.516115,0.013925,0.676104,0.02087,nube
0,0.045926,0.054469,0.434449,0.358162,0.480368,0.519112,0.799066,0.585759,0.005489,0.829315,0.016319,nube
0.268738,0.393391,0.412778,0.716308,0.615644,0.640805,0.548899,0.46007,0.231011,0.013439,0.684579,0.1076,nube
0.080197,0.306616,0.024013,0.343165,0.68769,0.759891,0.690684,0.935786,0.798816,0.005764,0.87071,0.062805,nube
0.383297,0.544976,0.921479,0.825309,0.664099,0.714311,0.632411,0.428206,0.206609,0.07363,0.398604,0.310318,nube
0.560458,0.649409,0.612148,0.420971,0.596576,0.636196,0.559774,0.308326,0.059396,0.108584,0.296509,0.417918,multinube
0.800512,0.939818,0.811445,0.166024,0.718552,0.750046,0.641958,0.601188,0.352973,0.034551,0.531022,0.592029,nube
0.331497,0.115589,0.376285,0.588931,0.281042,0.148667,0,0.537623,0.294994,0.00719,0.796213,0.000715,cieloDespejado
0.63139,0.536816,0.684793,0.42582,0.359684,0.377103,0.331842,0.565545,0.261222,0.195295,0.403947,0.164489,nube
0.597611,0.699972,0.796615,0.448404,0.623862,0.662103,0.578947,0.570075,0.237364,0.18881,0.476752,0.53319,nube
0.700964,0.945466,0.588235,0.24353,0.934366,0.888854,0.674722,0.378165,0.172941,0.029234,0.555203,0.99896,nube
0.342505,0.392344,0.544498,0.727778,0.529357,0.542577,0.458941,0.664241,0.435537,0.004297,0.857906,0.08595,nube
0.237333,0.121235,0.507785,0.838677,0.3163,0.280416,0.201536,0.565758,0.314302,0.00971,0.75868,0.015864,nube
0.474467,0.716079,0.515735,0.556096,0.88108,0.847269,0.653479,0.48856,0.223605,0.079293,0.354368,0.546193,multinube
0.424152,0.165433,0.615212,0.503305,0.088431,0.100768,0.107432,0.514892,0.214539,0.009499,0.759106,0.031532,cieloDespejado
0.393813,0.559945,0.467689,0.557747,0.663278,0.722614,0.648171,0.534437,0.138025,0.139335,0.282256,0.577336,nube
0.412829,0.575015,0.723441,0.776109,0.758243,0.719925,0.547886,0.430414,0.148358,0.120519,0.332062,0.48768,nube
0.329975,0.333533,0.519642,0.736063,0.474656,0.472227,0.387384,0.543671,0.258769,0.020899,0.607589,0.060464,nube
0.373505,0.655519,0.33685,0.312271,0.765089,0.890245,0.847359,0.539842,0.311324,0.031531,0.523613,0.72375,nube
0.268261,0.278143,0.519689,0.654265,0.379012,0.471388,0.482004,0.678685,0.179949,0.069662,0.485709,0.153631,nube
0.538533,0.620869,0.455631,0.37747,1,0.622823,0.13025,0.382499,0.217275,0.098131,0.29546,0.161238,nube
0.330146,0.429561,0.666381,0.854652,0.602724,0.613687,0.513107,0.502348,0.212848,0.121268,0.279949,0.19264,multinube
0.561959,0.860859,0.672196,0.479696,0.957793,0.946211,0.754341,0.376069,0.120273,0.011251,0.714577,0.991158,nube
0.587282,0.506844,0.690448,0.540167,0.442407,0.390692,0.27314,0.592374,0.401433,0.014541,0.741534,0.143099,nube
0.361315,0.35525,0.604584,0.743874,0.506257,0.463193,0.339374,0.60546,0.146837,0.211291,0.277416,0.209414,multinube
0.262721,0.197954,0.625335,0.776433,0.273703,0.360336,0.3881,0.720777,0.320806,0.033514,0.599893,0.088486,nube
0.414343,0.623977,0.57813,0.601451,0.67006,0.790181,0.762886,0.552803,0.307308,0.039893,0.495901,0.25512,nube
0.359928,0.559689,0.660093,0.827157,0.767925,0.766649,0.622197,0.555747,0.31805,0.015581,0.675468,0.254795,nube
0.445441,0.732172,0.798361,0.67822,0.821782,0.909058,0.824216,0.351506,0.091167,0.037143,0.509492,0.991808,nube
0.477158,0.65938,0.878543,0.660547,0.705291,0.760087,0.673346,0.621032,0.165767,0.256737,0.224715,0.415058,multinube
0.485074,0.519456,0.504217,0.521326,0.572142,0.543261,0.417172,0.554201,0.18287,0.150713,0.280616,0.315324,nube
0.296096,0.169889,0.479048,0.527665,0.285125,0.275183,0.223457,0.554557,0.13286,0.055531,0.510916,0.098823,nube
0.31719,0.146137,0.428827,0.692334,0.312496,0.212491,0.083185,0.508089,0.261022,0.009,0.76535,0.002146,cieloDespejado
0.450222,0.384052,0.569885,0.588201,0.415856,0.38916,0.29707,0.433319,0.175157,0.023792,0.627274,0.136922,nube
0.298297,0.278341,0.534358,0.643473,0.354374,0.432315,0.436486,0.591635,0.15759,0.047311,0.557922,0.107145,nube
0.603602,0.556145,0.598806,0.432873,0.635521,0.442042,0.17141,0.390558,0.244574,0.067064,0.401944,0.054613,nube
0.354291,0.260284,0.597963,0.726642,0.335113,0.332282,0.275918,0.678387,0.223114,0.111997,0.522175,0.112151,nube
0.337922,0.637511,0.435245,0.399667,0.680868,0.910314,0.968104,0.884068,0.747259,0.001943,0.933574,0.694103,nube
0.408273,0.304186,0.732738,0.7284,0.291708,0.326304,0.30879,0.563818,0.284693,0.022972,0.64066,0.070997,nube
0.306348,0.424102,0.787929,0.893669,0.578694,0.636823,0.578874,0.701208,0.332995,0.041785,0.609621,0.25681,nube
0.4208,0.716012,0.360342,0.265212,0.824419,0.917511,0.83677,0.501785,0.215798,0.084557,0.35732,0.943697,nube
0.331576,0.463741,0.976076,0.911114,0.589887,0.662244,0.613348,0.529342,0.287467,0.049048,0.498854,0.358039,nube
0.295158,0.576579,0.618175,0.653588,0.668049,0.87646,0.920096,0.395964,0.083936,0.075569,0.334877,0.587348,multinube
0.424219,0.60757,0.544898,0.483117,0.705433,0.753029,0.660509,0.406248,0.104711,0.091489,0.315553,0.459593,multinube
0.57611,0.428518,0.615105,0.380705,0.26957,0.289769,0.265326,0.540941,0.165256,0.150246,0.356933,0.203693,nube
0.621061,0.879081,0.611555,0.218681,0.851459,0.895633,0.770242,0.495408,0.140604,0.605339,0.020334,0.976529,nube
0.412575,0.53904,0.572229,0.426304,0.520981,0.66718,0.691481,0.293967,0.225677,0.077627,0.428659,0.188934,nube
0.243559,0.406076,0.928026,1,0.644719,0.692523,0.6127,0.604346,0.16772,0.090065,0.349644,0.334829,nube
0.153401,0.098002,0.428829,0.705691,0.277472,0.356145,0.376774,0.687252,0.290528,0.016634,0.670069,0.049347,nube
0.429674,0.55543,0.53988,0.649716,0.72597,0.66895,0.488637,0.463392,0.209035,0.037548,0.519652,0.178922,nube
0.554501,0.7311,0.7007,0.485975,0.695757,0.764535,0.69093,0.577711,0.255495,0.331224,0.160948,0.400169,nube
0.324831,0.360947,0.536737,0.808773,0.544162,0.519415,0.402402,0.485473,0.238984,0.033479,0.511312,0.120863,nube
0.186201,0.022007,0.393157,0.704426,0.181999,0.201029,0.193727,0.621384,0.293839,0.005803,0.786687,0.018074,cieloDespejado
0.373726,0.273578,0.526859,0.724345,0.404395,0.326423,0.195748,0.580259,0.329399,0.018803,0.673886,0.069696,nube
0.272325,0.332331,0.442699,0.794997,0.532713,0.546013,0.46175,0.56517,0.34744,0.015574,0.677668,0.075743,nube
0.3378,0.542655,0.591016,0.716629,0.66408,0.770518,0.733528,0.586509,0.299282,0.011268,0.716603,0.376113,nube
0.32029,0.299038,0.639442,0.796132,0.368306,0.434025,0.42556,0.666223,0.422355,0.007678,0.837917,0.021,nube
0.661326,0.71005,0.67235,0.325649,0.544467,0.593463,0.535282,0.443855,0.156068,0.139308,0.326017,0.433847,nube
0.563769,0.627461,0.667478,0.448325,0.606518,0.599473,0.483728,0.486498,0.191459,0.172281,0.257499,0.21325,nube
0.555362,0.774455,0.795666,0.493274,0.683393,0.827373,0.816383,0.211052,0.242683,0.206668,0.286795,0.51011,nube
0.32217,0.208867,0.47385,0.692345,0.351841,0.298518,0.198375,0.697968,0.294842,0.034922,0.615881,0.050387,nube
0.394551,0.669347,0.762754,0.849669,0.845925,0.883063,0.753193,0.718478,0.552013,0.061371,0.503744,0.448865,nube
0.247986,0.329935,0.510387,0.773081,0.493883,0.574379,0.551798,0.593014,0.269626,0.022246,0.594166,0.080034,nube
0.390676,0.383624,0.729293,0.795338,0.503462,0.466573,0.348263,0.577345,0.265009,0.075252,0.525154,0.12665,multinube
0.328379,0.55371,0.637542,0.724101,0.773987,0.799178,0.674614,0.587538,0.062366,0.236064,0.164711,0.562252,nube
0.353044,0.564182,0.598893,0.598058,0.643439,0.7823,0.775467,0.563951,0.198905,0.055556,0.448134,0.385801,multinube
0.339791,0.534499,0.310192,0.172407,0.72951,0.755874,0.641428,0.64379,0.410841,0.047713,0.458136,0.19121,nube
0.387098,0.472517,0.621887,0.632148,0.559599,0.60242,0.536185,0.426502,0.150117,0.123618,0.291965,0.156947,nube
0.368891,0.658173,0.618419,0.605632,0.722192,0.900209,0.908395,0.388396,0.074938,0.070813,0.338647,0.732722,multinube
0.399119,0.479397,0.499999,0.619453,0.571402,0.596816,0.514243,0.586788,0.350393,0.005435,0.842589,0.139328,nube
0.443873,0.740929,0.695738,0.580519,0.819593,0.924033,0.853352,0.51489,0.061222,0.187443,0.186774,0.685716,nube
0.570633,0.84754,0.469336,0.188685,0.904177,0.91519,0.752433,0.528652,0.294291,0.049834,0.469178,0.992003,nube
0.006771,0.00789,0.192122,0.700964,0.34163,0.415374,0.418825,0.738565,0.459876,0,0.974229,0.012548,cieloDespejado
0.808467,0.996631,0.569425,0.065473,0.780678,0.823442,0.711534,0.489893,0.213713,0.350626,0.095785,0.9344,nube
0.369725,0.623196,0.400315,0.329382,0.786767,0.84751,0.748704,0.54952,0.28217,0.067847,0.399841,0.474416,multinube
0.258107,0.594439,0.546889,0.715949,0.769171,0.951375,0.953208,0.710048,0.462304,0.012102,0.730082,0.611144,nube
0.475749,0.754675,0.385696,0.225477,0.812773,0.902535,0.821538,0.581651,0.321367,0.041574,0.519902,0.887719,multinube
0.179394,0.512796,0.539824,0.849818,0.837588,0.934081,0.853339,0.3744,0.034346,0.074656,0.325907,0.670633,multinube
0.371156,0.32447,0.567269,0.769174,0.411989,0.404879,0.329231,0.505826,0.334209,0.008257,0.77442,0.038814,cieloDespejado
0.312951,0.454907,0.778092,0.911885,0.619756,0.673621,0.603791,0.771216,0.503172,0.02815,0.626187,0.202133,nube
0.33671,0.193214,0.677163,0.70417,0.18725,0.256367,0.287985,0.407206,0.24452,0.023014,0.793572,0.032183,nube
0.458274,0.69453,0.720249,0.731815,0.803848,0.836699,0.71209,0.624829,0.464574,0.044941,0.535194,0.505494,nube
0.466684,0.743064,0.722548,0.564118,0.81488,0.897287,0.809981,0.495537,0.125257,0.098857,0.395462,0.772707,multinube
0.422861,0.369677,0.664773,0.692222,0.407248,0.403812,0.332078,0.616539,0.361959,0.005626,0.852928,0.088096,nube
0.293057,0.170019,0.422069,0.595345,0.261898,0.279358,0.254311,0.621065,0.238663,0.033386,0.572366,0.046096,nube
0.348273,0.380721,0.50283,0.717676,0.547003,0.517867,0.396763,0.495165,0.287512,0.010642,0.745976,0.049672,nube
0.349834,0.632039,0.505386,0.536183,0.74812,0.886627,0.857906,0.621242,0.33882,0.035798,0.508035,0.781159,multinube
0.33631,0.47662,0.637512,0.664553,0.584394,0.675041,0.641887,0.493003,0.12505,0.173567,0.207911,0.260516,nube
0.336199,0.653103,0.610083,0.645715,0.778019,0.935577,0.915901,0.650046,0.1504,0.172765,0.217287,0.776087,multinube
0.39052,0.276119,0.705514,0.768056,0.252682,0.308161,0.315382,0.612697,0.326477,0.002628,0.912419,0.039984,cieloDespejado
0.061053,0.04734,0.230299,0.594107,0.296373,0.402434,0.441036,0.775938,0.432178,0.002056,0.908111,0.026591,nube
0.39468,0.597896,0.619285,0.696915,0.706478,0.777471,0.703422,0.544651,0.32642,0.02377,0.576122,0.327092,nube
0.356531,0.301533,0.418969,0.63036,0.482053,0.390206,0.232421,0.468144,0.199327,0.060696,0.401621,0.031142,nube
0.276526,0.522087,0.43632,0.688262,0.857361,0.820481,0.629136,0.446105,0.022408,0.205365,0.135679,0.631363,nube
0.229205,0.435968,0.644617,0.830355,0.625484,0.755442,0.745203,0.620062,0.080996,0.200799,0.239632,0.459918,nube
0.46845,0.557636,0.251364,0,0.695939,0.621382,0.433261,0.812838,0.665006,0.033587,0.56071,0.153696,nube
0.06318,0.208846,0.28329,0.880575,0.605631,0.63794,0.55381,0.765157,0.332895,0.075505,0.492239,0.208634,nube
0.197897,0.457746,0.487636,0.873674,0.784176,0.828608,0.71731,0.600799,0.140161,0.246532,0.239953,0.437033,nube
0.336926,0.405431,0.574444,0.796651,0.633293,0.569199,0.402363,0.449641,0.203746,0.051433,0.453976,0.126455,nube
0.354341,0.320553,0.402784,0.572314,0.496709,0.421139,0.273329,0.445209,0.179251,0.063184,0.395405,0.012093,nube
0.405959,0.475523,0.598904,0.55957,0.539054,0.582135,0.520348,0.723142,0.419296,0.007126,0.826795,0.089396,nube
0.610367,0.633516,0.627858,0.465791,0.62766,0.547331,0.368692,0.461828,0.262245,0.05875,0.453449,0.165334,nube
0.456102,0.733393,0.703626,0.5523,0.816988,0.896886,0.807142,0.65744,0.291728,0.034085,0.604194,0.65945,multinube
0.455909,0.749204,0.35971,0.162594,0.785287,0.920468,0.881419,0.623844,0.398501,0.076526,0.436196,0.928938,multinube
0.361329,0.632126,0.307168,0.450368,0.915562,0.871688,0.662744,0.506472,0.215257,0.132643,0.291434,0.717054,nube
0.303291,0.15021,0.487627,0.690981,0.294883,0.236718,0.144464,0.564631,0.322842,0.003722,0.854723,0.009817,cieloDespejado
0.40445,0.640218,0.613026,0.5703,0.724101,0.82711,0.774995,0.593461,0.393684,0.01407,0.682961,0.427215,nube
0.295624,0.501579,0.646369,0.779983,0.629258,0.765193,0.75895,0.587986,0.258959,0.038583,0.52425,0.379169,multinube
0.427908,0.717723,0.510002,0.433451,0.909275,0.91072,0.739269,0.56785,0.087471,0.292091,0.111413,0.878096,nube
0.462599,0.657801,0.5832,0.591309,0.706324,0.776839,0.702441,0.626792,0.444143,0.013187,0.745999,0.297835,nube
0.509827,0.802746,0.624142,0.36011,0.843261,0.928798,0.838134,0.620861,0.27674,0.057636,0.430475,0.968923,nube
0.54134,0.801373,0.655923,0.334372,0.796269,0.885468,0.807427,0.563818,0.161171,0.275163,0.125083,0.961966,nube
0.7447,0.71692,0.745016,0.321677,0.534428,0.494323,0.367053,0.498002,0.463502,0.153944,0.36035,0.214941,nube
0.424225,0.67799,0.347943,0.383616,0.843468,0.856922,0.708644,0.494982,0.21214,0.059732,0.430005,0.563162,multinube
0.540649,0.474104,0.830905,0.54463,0.319355,0.403506,0.419866,0.535319,0.101378,0.277869,0.241985,0.219817,multinube
0.327203,0.537183,0.719465,0.837894,0.697559,0.776334,0.71034,0.545769,0.182207,0.111622,0.317215,0.280931,nube
0.453373,0.597025,0.710376,0.634462,0.697512,0.69926,0.571756,0.432551,0.088403,0.241571,0.166877,0.414797,multinube
0.586172,0.883751,0.399321,0.186856,0.871146,0.948252,0.845099,0.589404,0.342145,0.016634,0.674762,0.977375,nube
0.383012,0.670806,0.418061,0.397179,0.717716,0.900339,0.913127,0.844758,0.760848,0.003482,0.916954,0.688902,nube
0.530263,0.623367,0.861835,0.539897,0.574838,0.637348,0.583693,0,0.017614,0.384883,0.181844,0.443924,multinube
0.291322,0.22633,0.561357,0.685007,0.292228,0.364716,0.377359,0.542973,0.267646,0.020641,0.645041,0.054613,nube
0.418223,0.266232,0.618229,0.50045,0.177763,0.257263,0.299132,0.389926,0.255334,0.039258,0.610465,0.087381,nube
0.294756,0.23255,0.598806,0.783122,0.374787,0.369393,0.302793,0.593884,0.218242,0.060365,0.519667,0.074442,nube
0.350452,0.198234,0.463578,0.679239,0.327596,0.245761,0.12785,0.53114,0.31145,0.005847,0.804091,0.00078,cieloDespejado
0.225477,0.018431,0.470502,0.642088,0.09458,0.144274,0.179507,0.609934,0.30829,0.00343,0.849806,0.031988,cieloDespejado
0.059884,0.277216,0.010114,0.325081,0.665502,0.743135,0.682847,0.95835,0.840381,0.004304,0.88433,0.049802,nube
0.306408,0.343662,0.396869,0.611579,0.509403,0.51806,0.4349,0.403276,0.202129,0.059815,0.415089,0.055068,nube
0.697204,0.951372,0.628792,0.189491,0.804052,0.902495,0.830231,0.475905,0.220459,0.028645,0.587772,0.996034,nube
0.297985,0.609835,0.495209,0.575123,0.78085,0.921822,0.888315,0.84309,0.553023,0.03092,0.682841,0.775502,nube
0.39814,0.641884,0.505266,0.565553,0.786795,0.837839,0.731281,0.568895,0.342608,0.022884,0.571405,0.400429,nube
0.295975,0.60457,0.576772,0.771504,0.898806,0.916689,0.760527,0.357158,0.035218,0.085232,0.353076,0.76484,nube
0.385854,0.543304,0.758268,0.802323,0.640243,0.708493,0.645924,0.597205,0.392795,0.025046,0.639706,0.274755,multinube
0.473282,0.396292,0.549684,0.461768,0.346481,0.376995,0.344917,0.527145,0.217614,0.025426,0.559093,0.108055,multinube
0.647048,0.903621,0.43778,0.090572,0.866401,0.897779,0.759084,0.510792,0.269537,0.037874,0.487563,0.952344,nube
0.298715,0.12525,0.465877,0.724532,0.239939,0.205889,0.144234,0.520519,0.266453,0.006247,0.778989,0.010532,cieloDespejado
0.541561,0.815564,0.493728,0.283223,0.918257,0.906115,0.721959,0.464773,0.179804,0.020663,0.638707,0.967687,nube
0.356834,0.520214,0.566527,0.757714,0.756947,0.712461,0.535764,0.488438,0.108972,0.180526,0.20268,0.398219,nube
0.228989,0.521036,0.47828,0.787664,0.808718,0.881237,0.787306,0.530963,0.095328,0.069677,0.365626,0.578701,multinube
0.649338,0.36884,0.661166,0.396592,0.144362,0.105739,0.06016,0.561678,0.232329,0.051546,0.652357,0.080099,nube
0.571743,0.792973,0.724702,0.533481,0.762259,0.833225,0.747642,0.397259,0.14973,0.049645,0.472562,0.592159,multinube
0.362192,0.387543,0.404839,0.551242,0.554972,0.50969,0.374044,0.557284,0.18655,0.089702,0.393866,0.19108,nube
0.443473,0.709742,0.65767,0.680962,0.883004,0.878544,0.707799,0.556885,0.25304,0.057332,0.493663,0.726871,multinube
0.627852,0.871749,0.483128,0.242199,0.8902,0.875915,0.695837,0.46715,0.246239,0.056454,0.430556,0.674859,multinube
0.597315,0.831867,0.741298,0.402935,0.82255,0.857095,0.72998,0.816467,0.714372,0.011192,0.800436,0.541967,nube
0.097376,0.409423,0.244374,0.765786,0.77015,0.889059,0.840138,0.451757,0.115811,0.179937,0.20058,0.450556,nube
0.214941,0.062988,0.482052,0.72323,0.217107,0.223824,0.199442,0.639136,0.29284,0.00822,0.745445,0.04057,nube
0.359435,0.545909,0.572864,0.717344,0.754404,0.746962,0.600378,0.500024,0.066526,0.274142,0.17056,0.569469,nube
0.433042,0.62486,0.580948,0.643082,0.717716,0.766977,0.673252,0.547473,0.347549,0.019812,0.637335,0.313894,nube
0.44887,0.705987,0.563807,0.552559,0.792645,0.86593,0.775927,0.476495,0.152504,0.096973,0.305877,0.674664,multinube
0.360049,0.253975,0.605505,0.750639,0.340666,0.315427,0.24002,0.638414,0.206007,0.076396,0.487258,0.078994,nube
0.367293,0.331254,0.466472,0.627994,0.485408,0.419953,0.282554,0.441754,0.085603,0.092333,0.380911,0.10552,nube
0.550036,0.788134,0.703293,0.470949,0.775869,0.854536,0.772295,0.920489,1,0.00412,0.922351,0.452051,nube
0.336956,0.188566,0.398901,0.590811,0.330212,0.249186,0.131381,0.497045,0.242724,0.016965,0.652345,0.006632,nube
0.427977,0.728884,0.616033,0.619651,0.869935,0.927096,0.808263,0.370215,0,0.155134,0.179461,0.911384,nube
0.269364,0.406058,0.606794,0.89684,0.639571,0.658675,0.556993,0.810139,0.369091,0.038939,0.589716,0.227553,multinube
0.403835,0.651219,0.688228,0.652702,0.759967,0.844148,0.769593,0.520968,0.247093,0.054878,0.429375,0.55328,multinube
0.382134,0.148592,0.401186,0.524182,0.243942,0.130992,0.005496,0.517131,0.251121,0.008922,0.768502,0.004551,cieloDespejado
0.230882,0.150198,0.51196,0.861536,0.359479,0.331605,0.25021,0.585363,0.269586,0.017903,0.697154,0.028282,nube
0.320683,0.521528,0.525797,0.744044,0.692467,0.761781,0.689283,0.337485,0.098122,0.063837,0.37767,0.310058,nube
0.376985,0.556654,0.500683,0.651075,0.770998,0.739814,0.570842,0.419483,0.178763,0.058841,0.414625,0.239776,multinube
0.672056,0.442004,0.66627,0.345602,0.305032,0.183913,0.039284,0.508402,0.057075,0.699063,0.012667,0.003576,nube
0.442766,0.262626,0.645499,0.527461,0.223682,0.219775,0.18555,0.467027,0.182566,0.028005,0.584666,0.058124,nube
0.343535,0.570324,0.597565,0.794916,0.798048,0.803826,0.658791,0.499531,0.108481,0.088122,0.352788,0.490995,nube
0.335925,0.161886,0.535048,0.527993,0.114159,0.211172,0.280155,0.490711,0.300773,0.008377,0.840945,0.035563,cieloDespejado
0.291953,0.330268,0.586775,0.823246,0.507914,0.517243,0.434927,0.559881,0.296751,0.007928,0.802608,0.079189,nube
0.443153,0.716045,0.308337,0.274817,0.86773,0.888261,0.740629,0.541921,0.270048,0.032692,0.535722,0.768871,nube
0.342014,0.421178,0.561711,0.782398,0.59513,0.585764,0.470516,0.478773,0.106877,0.297887,0.221729,0.209544,nube
0.410223,0.695951,0.621222,0.672093,0.845137,0.901775,0.787643,0.525369,0.190172,0.14567,0.236481,0.540017,nube
0.461967,0.5564,0.380634,0.361436,0.643602,0.628057,0.497868,0.383891,0.165647,0.087833,0.320235,0.240231,nube
0.370697,0.181958,0.452164,0.560379,0.267883,0.195213,0.096946,0.486355,0.234855,0.015515,0.693422,0.011768,nube
0.583194,0.767028,0.762571,0.406104,0.733066,0.779936,0.681133,0.084998,0.115405,0.216616,0.303264,0.540277,multinube
0.285561,0.378941,0.356294,0.527949,0.569741,0.597435,0.517026,0.517473,0.268154,0.075466,0.413469,0.108966,multinube
0.379177,0.677774,0.341641,0.361267,0.812631,0.915647,0.845265,0.48446,0.221424,0.047932,0.498094,0.931409,multinube
0.269686,0.562422,0.203106,0.321868,0.766079,0.888959,0.84405,0.857419,0.605773,0.006345,0.836853,0.588128,nube
0.262708,0.220835,0.464821,0.776685,0.466504,0.394112,0.255073,0.56094,0.178613,0.079028,0.529332,0.088031,nube
0.401695,0.601013,0.617863,0.688613,0.767908,0.772877,0.633417,0.676565,0.410246,0.012404,0.728005,0.260776,nube
0.378649,0.642946,0.521362,0.721285,0.891491,0.864954,0.674824,0.542676,0.209896,0.084971,0.337295,0.638905,multinube
0.614252,0.705248,0.668142,0.377787,0.619382,0.648077,0.558222,0.438315,0.208055,0.178327,0.261448,0.260971,nube
0.230018,0.273947,0.492422,0.827384,0.499452,0.515323,0.439977,0.505641,0.234773,0.018641,0.664661,0.070217,nube
0.527818,0.798706,0.60651,0.551714,0.934412,0.899257,0.693386,0.397674,0.157079,0.02282,0.654148,0.872245,nube
0.700282,0.765136,0.607162,0.302492,0.680736,0.623681,0.452676,0.574066,0.647405,0.044784,0.550498,0.212925,nube
0.374569,0.66456,0.515316,0.422731,0.810672,0.90219,0.82303,0.561667,0.201069,0.030802,0.556042,0.824784,nube
0.331261,0.132276,0.469659,0.700716,0.266768,0.173598,0.059188,0.570209,0.297393,0.009852,0.758715,0.006306,nube
0.105617,0.113446,0.124997,0.548628,0.418286,0.441562,0.388883,0.593317,0.301733,0.024167,0.632442,0.007737,nube
0.369038,0.600823,0.727914,0.707574,0.698074,0.815399,0.780089,0.606066,0.022519,0.354726,0.068544,0.558026,multinube
0.335969,0.234265,0.25709,0.366502,0.269825,0.317905,0.315678,0.588056,0.282907,0.02306,0.649992,0.007802,nube
0.63061,0.87501,0.669163,0.232117,0.814625,0.877112,0.773949,0.52446,0.164749,0.357038,0.09357,0.964242,nube
0.260186,0.427473,0.583893,0.87394,0.706413,0.702299,0.568278,0.598628,0.193022,0.104636,0.359742,0.266628,nube
0.419793,0.551928,0.671398,0.64867,0.629843,0.676733,0.599251,0.733967,0.457735,0.004454,0.871099,0.164879,nube
0.5029,0.26124,0.697971,0.554113,0.127931,0.138913,0.136342,0.558056,0.264611,0.006206,0.82908,0.055198,cieloDespejado
0.328173,0.636042,0.584832,0.625841,0.72766,0.920924,0.940158,0.402791,0.28911,0.045642,0.596619,0.646642,nube
0.376657,0.591649,0.736082,0.678896,0.649784,0.791877,0.786315,0.294622,0.201953,0.045127,0.631493,0.398024,multinube
0.51637,0.773472,0.544274,0.323815,0.754818,0.877028,0.833909,0.547019,0.312906,0.037474,0.535097,0.799558,multinube
0.459869,0.184091,0.633965,0.475048,0.028956,0.081485,0.132524,0.495426,0.210986,0.013606,0.675951,0.034783,cieloDespejado
0.285355,0.551639,0.169335,0.307196,0.783553,0.852512,0.760931,0.664828,0.519138,0.033712,0.520086,0.443664,nube
0.318332,0.15006,0.385977,0.640782,0.311246,0.216783,0.09216,0.50508,0.254604,0.009857,0.730412,0.00065,cieloDespejado
0.309013,0.572781,0.543409,0.577327,0.782004,0.852699,0.762825,0.543013,0.075523,0.162545,0.207593,0.436318,nube
0.591937,0.350035,0.527505,0.392893,0.233752,0.153227,0.055731,0.520968,0.246454,0.006544,0.826882,0.00052,cieloDespejado
0.240455,0.3666,0.802589,0.982367,0.649093,0.638346,0.510857,0.561814,0.217641,0.044668,0.534067,0.332943,nube
0.610389,0.463044,0.61446,0.330745,0.320898,0.29578,0.224551,0.535989,0.282287,0.018614,0.664871,0.068916,nube
0.321031,0.177246,0.37585,0.631983,0.371988,0.253357,0.096896,0.599999,0.274093,0.014374,0.659832,0.013913,nube
0.402162,0.181288,0.580557,0.618172,0.190351,0.152983,0.098913,0.572912,0.300625,0.006996,0.827319,0.020545,cieloDespejado
0.705805,0.896471,0.769942,0.221574,0.744108,0.810219,0.724505,0.614959,0.311212,0.018683,0.660627,0.710227,nube
0.564598,0.66904,0.671162,0.534537,0.713922,0.659735,0.48417,0.490448,0.299556,0.055524,0.485336,0.207399,nube
0.328395,0.384353,0.80075,0.825942,0.424482,0.549279,0.576404,0.398997,0.357403,0.142591,0.551902,0.188804,multinube
0.560839,0.798828,0.622154,0.337585,0.808456,0.856156,0.742455,0.434089,0.163501,0.024138,0.587003,0.777388,nube
0.552619,0.361926,0.702968,0.466241,0.254308,0.222305,0.15932,0.588028,0.247751,0.046172,0.553964,0.076718,nube
0.551768,0.849054,0.823772,0.485651,0.809168,0.942151,0.896417,0.062588,0.048734,0.165477,0.338964,0.993759,multinube
0.453345,0.286983,0.672628,0.706935,0.288617,0.241847,0.159986,0.650104,0.264345,0.107286,0.529706,0.092777,nube
0.244192,0.44455,0.631023,0.842429,0.656901,0.748459,0.701068,0.448161,0.164845,0.020734,0.618108,0.373903,nube
0.542027,0.710665,0.68178,0.52586,0.705997,0.750732,0.655812,0.675136,0.473837,0.01019,0.781716,0.283857,nube
0.20448,0.526883,0.36262,0.490352,0.755879,0.921987,0.913708,0.426113,0.287346,0.138363,0.358815,0.824849,nube
0.792437,1,0.751605,0.127332,0.78144,0.849423,0.757499,0.679552,0.413873,0.022658,0.617579,0.976399,nube
0.350555,0.571117,0.703591,0.706348,0.666292,0.795795,0.776771,0.482452,0.061043,0.206624,0.175813,0.477082,multinube
0.319815,0.361999,0.518131,0.789849,0.581016,0.527542,0.379979,0.486793,0.260042,0.022413,0.639327,0.027697,nube
0.400793,0.628983,0.592819,0.536694,0.702432,0.815327,0.775579,0.690343,0.525879,0.060863,0.482172,0.272869,nube
0.269151,0.273861,0.595527,0.894423,0.514467,0.463904,0.332401,0.529627,0.217773,0.062424,0.459798,0.114492,nube
0.375307,0.615256,0.642662,0.779724,0.798038,0.828479,0.703144,0.686184,0.475131,0.01077,0.753371,0.331578,nube
0.15541,0.303449,0.322601,0.765733,0.607285,0.656637,0.585777,0.635073,0.233826,0.117584,0.340834,0.252519,nube
0.541604,0.275049,0.633725,0.505461,0.166959,0.10856,0.042522,0.552695,0.255224,0.003656,0.845406,0.045901,cieloDespejado
0.378864,0.350166,0.456311,0.600979,0.500949,0.432691,0.289844,0.409791,0.136639,0.072101,0.382479,0.038879,nube
0.449557,0.600273,0.61973,0.592886,0.650878,0.709053,0.636242,0.437962,0.178665,0.061155,0.39789,0.284767,multinube
0.465318,0.624127,0.590297,0.342527,0.647027,0.723591,0.666262,0.467443,0.150898,0.144124,0.241054,0.448605,multinube
0.431541,0.724175,0.529249,0.586172,0.908728,0.915477,0.748375,0.443065,0.162946,0.060588,0.439712,0.901697,nube
0.448412,0.503894,0.696608,0.721034,0.595913,0.568352,0.43841,0.586895,0.244424,0.107718,0.409373,0.267408,multinube
0.333691,0.572779,0.682338,0.812727,0.793145,0.820351,0.693443,0.486488,0.189792,0.064222,0.390245,0.397763,multinube
0.28937,0.655167,0.929048,0.843383,0.849887,1,0.959544,0.075774,0.062095,0.095236,0.430576,0.955595,multinube
0.383279,0.361728,0.680106,0.661899,0.41405,0.443964,0.397461,0.619954,0.332464,0.003249,0.869216,0.105975,cieloDespejado
0.385164,0.569708,0.61148,0.634075,0.703452,0.748355,0.654094,0.57404,0.304447,0.022268,0.618846,0.269748,multinube
0.273042,0.255754,0.510044,0.735739,0.357162,0.432089,0.433279,0.638271,0.378446,0.002037,0.88013,0.051687,cieloDespejado
0.35035,0.228728,0.374038,0.558526,0.41421,0.290887,0.121965,0.566014,0.217371,0.036134,0.563308,0.019895,nube
0.297985,0.435397,0.635621,0.72011,0.579481,0.66445,0.627774,0.636039,0.156027,0.083303,0.387711,0.416358,nube
0.199714,0.256773,0.566173,0.936446,0.520155,0.529702,0.445033,0.533829,0.306755,0.014605,0.701278,0.101749,nube
0.215666,0.222334,0.362469,0.719245,0.530351,0.45798,0.305781,0.555987,0.161782,0.064137,0.486447,0.079644,nube
0.361132,0.712941,0.388001,0.493517,0.92254,0.991186,0.870668,0.650003,0.314339,0.018067,0.689954,0.997659,nube
0.631647,0.886405,0.719197,0.271167,0.834272,0.892565,0.781998,0.546593,0.228092,0.066266,0.412082,0.792991,nube
0.333732,0.596858,0.426012,0.36596,0.777553,0.855824,0.772919,0.560698,0.305197,0.046624,0.46367,0.577011,nube
0.253399,0.07696,0.452562,0.698828,0.216213,0.194034,0.146758,0.589068,0.282992,0.009283,0.753478,0.02139,nube
0.272207,0.425019,0.661305,0.886622,0.61515,0.682925,0.625155,0.652374,0.385908,0.019247,0.704291,0.120343,multinube
0.65894,0.9177,0.537759,0.204236,0.821896,0.902966,0.813144,0.487884,0.220397,0.024785,0.620098,0.988622,nube
0.421337,0.607105,0.434776,0.376234,0.709022,0.756121,0.662463,0.483729,0.269589,0.031786,0.503993,0.351343,nube
0.341627,0.285572,0.521085,0.723544,0.449795,0.386191,0.25762,0.538639,0.139707,0.061298,0.485079,0.089461,nube
0.302692,0.532824,0.50161,0.696445,0.769143,0.802029,0.684611,0.513765,0.118956,0.165762,0.306501,0.61862,nube
0.108517,0.168289,0.066166,0.443022,0.490236,0.518677,0.455274,0.702019,0.435872,0.015957,0.754609,0.004941,nube
0.343219,0.464084,0.347801,0.539507,0.592162,0.647488,0.584521,0.594754,0.325321,0.01498,0.702142,0.063325,nube
0.52065,0.628355,0.547149,0.319253,0.693486,0.657308,0.500346,0.378691,0.11946,0.074403,0.346489,0.139848,nube
0.31363,0.625873,0.336525,0.508169,0.940599,0.924981,0.733437,0.42698,0.153916,0.109291,0.337241,0.888239,nube
0.2959,0.550791,0.597103,0.706074,0.682783,0.83744,0.835102,0.625807,0.624313,0.036134,0.712884,0.316364,multinube
0.541684,0.774086,0.621483,0.584213,0.888899,0.844756,0.6411,0.622396,0.269642,0.168893,0.326276,0.641506,nube
0.377346,0.325684,0.554041,0.70497,0.425879,0.398558,0.303902,0.480039,0.198188,0.058032,0.441235,0.06352,nube
0.583179,0.762245,0.72475,0.402146,0.680043,0.772899,0.721767,0.588302,0.355214,0.013545,0.696549,0.458228,nube
0.13289,0.151655,0.363247,0.805189,0.444445,0.46219,0.399696,0.597755,0.215852,0.070062,0.353228,0.042065,nube
0.334467,0.265782,0.694993,0.728025,0.299608,0.366377,0.37293,0.436215,0.277546,0.020513,0.800854,0.047591,nube
0.466758,0.752046,0.401209,0.296297,0.808122,0.910441,0.840433,0.571552,0.2741,0.019964,0.6126,0.763539,nube
0.213702,0.473713,0.579432,0.777743,0.682437,0.831451,0.824678,0.571279,0.141791,0.080147,0.365888,0.432482,multinube
0.251609,0.583164,0.568812,0.82256,0.859493,0.943256,0.847826,0.710074,0.493394,0.009869,0.801059,0.646902,nube
0.646261,0.751554,0.498145,0.21862,0.765177,0.674446,0.459116,0.30623,0.132746,0.103914,0.289429,0.123659,multinube
0.263936,0.51561,0.449617,0.518661,0.675429,0.827427,0.824484,0.535624,0.186674,0.108586,0.31246,0.403745,multinube
0.56742,0.80463,0.708484,0.367352,0.734096,0.856091,0.817076,0.364459,0.113698,0.123611,0.302694,0.771016,nube
0.485944,0.727355,0.599152,0.637512,0.850683,0.848864,0.6869,0.634824,0.476384,0.011648,0.769542,0.420519,nube
0.273956,0.430106,0.600065,0.820956,0.664675,0.688138,0.584756,0.477247,0.134747,0.060709,0.408086,0.241792,nube
0.3421,0.421683,0.611912,0.829763,0.633205,0.586395,0.433383,0.509886,0.289137,0.028994,0.574633,0.127755,nube
0.202377,0.087607,0.310642,0.630435,0.260315,0.276617,0.250972,0.649716,0.33914,0.012298,0.705903,0.010077,nube
0.40106,0.696177,0.441033,0.356622,0.8543,0.914118,0.800634,0.461937,0.187432,0.054979,0.41451,0.948963,nube
0.399241,0.126071,0.590916,0.597965,0.143956,0.075343,0.005893,0.528533,0.244507,0.008164,0.790473,0.028932,cieloDespejado
0.445307,0.393737,0.578783,0.596842,0.421818,0.409891,0.328368,0.354702,0.108463,0.078388,0.412133,0.032118,nube
0.679421,0.699402,0.611146,0.333306,0.616694,0.554035,0.391772,0.498343,0.284501,0.026081,0.623548,0.136792,nube
0.237395,0.364644,0.58689,0.944137,0.611798,0.639471,0.550364,0.708553,0.371494,0.054584,0.519168,0.252324,multinube
0.427828,0.444043,0.519355,0.424726,0.391237,0.507024,0.533814,0.535518,0.242953,0.014899,0.684514,0.082764,nube
0.447904,0.579312,0.738317,0.577633,0.570964,0.680293,0.664832,0.429826,0.06918,0.065268,0.401288,0.5092,multinube
0.245012,0.422635,0.534423,0.855148,0.694528,0.715051,0.603158,0.523815,0.356751,0.011984,0.707864,0.220337,multinube
0.383078,0.593488,0.50054,0.479637,0.762477,0.786175,0.662794,0.451293,0.056934,0.182923,0.18572,0.535466,nube
0.314134,0.381185,0.620057,0.838013,0.503178,0.563296,0.522521,0.537823,0.288583,0.018339,0.676877,0.073597,nube
0.428523,0.672682,0.748992,0.68314,0.720496,0.843458,0.808023,0.546373,0.270815,0.051146,0.431454,0.453417,nube
0.463133,0.65882,0.687464,0.713144,0.856977,0.777643,0.552469,0.333465,0.07943,0.106945,0.290898,0.463429,multinube
0.544915,0.851005,0.751345,0.431151,0.877326,0.954011,0.849246,0.293675,0.066121,0.056822,0.421596,0.971653,multinube
0.254067,0.309271,0.664295,0.878838,0.434068,0.53592,0.542741,0.518294,0.258935,0.012892,0.716657,0.031988,nube
0.378576,0.60657,0.513608,0.546314,0.72075,0.811378,0.750067,0.532993,0.286587,0.05172,0.403147,0.363175,nube
0.398088,0.746996,0.482283,0.335788,0.797099,0.992995,1,0.53177,0.263006,0.074639,0.346316,1,nube
0.532997,0.686014,0.729193,0.647095,0.774409,0.726197,0.542921,0.55161,0.20298,0.208565,0.245752,0.42442,nube
0.292837,0.412007,0.356202,0.47316,0.581961,0.636686,0.575343,0.53185,0.256903,0.038897,0.497172,0.069631,nube
0.529806,0.773368,0.650707,0.509439,0.813855,0.859264,0.742621,0.768633,0.578556,0.008399,0.798349,0.412327,nube
0.472897,0.589408,0.710765,0.608038,0.669461,0.662432,0.533709,0.499104,0.212893,0.058216,0.432285,0.306807,multinube
0.435602,0.685642,0.506007,0.574244,0.820273,0.853301,0.725445,0.463069,0.073352,0.165109,0.198791,0.625252,nube
0.395625,0.225207,0.693074,0.775056,0.259876,0.226353,0.161005,0.570292,0.377478,0.008468,0.811726,0.013848,cieloDespejado
0.361358,0.467522,0.383179,0.555193,0.577766,0.628786,0.565351,0.577486,0.287486,0.012777,0.716699,0.058579,nube
0.447195,0.245986,0.585102,0.519302,0.186312,0.189418,0.168508,0.687404,0.271174,0.044259,0.623706,0.079384,nube
0.498315,0.761033,0.371712,0.239638,0.815093,0.882339,0.78288,0.6692,0.509002,0.0264,0.599679,0.804889,multinube
0.472261,0.724849,0.561205,0.448355,0.802246,0.863101,0.761189,0.571011,0.175918,0.061948,0.425708,0.701515,multinube
0.450405,0.394379,0.692327,0.578098,0.411256,0.404157,0.328669,0.623465,0.330102,0.01154,0.744336,0.116767,nube
0.348139,0.516698,0.861542,0.841194,0.633171,0.718669,0.671336,0.522379,0.288033,0.079912,0.35042,0.293154,nube
0.300618,0.378674,0.485415,0.770852,0.601621,0.577307,0.448781,0.45322,0.137634,0.042524,0.474395,0.10851,nube
0.28077,0.191477,0.298227,0.545098,0.306601,0.327123,0.295295,0.601565,0.330756,0.013017,0.736347,0.004551,nube
0.540565,0.828818,0.730266,0.474723,0.924219,0.926977,0.753489,0.3103,0.051449,0.061491,0.397437,0.991938,nube
0.327079,0.484797,0.653266,0.860796,0.775134,0.699204,0.493641,0.542565,0.116996,0.252279,0.209693,0.420844,nube
0.515222,0.57167,0.682874,0.499609,0.540502,0.580787,0.516468,0.457384,0.104828,0.159109,0.269622,0.285677,multinube
0.317987,0.519104,0.686486,0.823208,0.684476,0.761739,0.697238,0.560997,0.17023,0.124762,0.293211,0.264417,nube
0.300484,0.322604,0.479968,0.759094,0.528558,0.494755,0.373729,0.553978,0.177967,0.077286,0.472919,0.096548,multinube
0.472687,0.394757,0.669965,0.704521,0.351731,0.375509,0.336967,0.481335,0.176208,0.126796,0.41593,0.059424,nube
0.259336,0.344348,0.629693,0.890588,0.562143,0.580768,0.494684,0.565097,0.112738,0.06331,0.430965,0.21364,nube
0.546063,0.57691,0.7571,0.603531,0.600417,0.548094,0.397445,0.677716,0.328528,0.143997,0.378044,0.292634,nube
0.318063,0.569133,0.610448,0.66123,0.750691,0.835454,0.763278,0.5132,0.024492,0.210889,0.126502,0.599506,nube
0.323717,0.336377,0.578991,0.817339,0.516266,0.484625,0.367863,0.421427,0.221748,0.017674,0.660299,0.076588,nube
0.323808,0.208011,0.441131,0.631382,0.288232,0.295108,0.256173,0.60295,0.340546,0.00664,0.813469,0.029842,nube
0.368224,0.592224,0.547773,0.683379,0.759605,0.803779,0.697346,0.339811,0.036547,0.190177,0.159136,0.441844,nube
0.251986,0.285421,0.470252,0.599162,0.405899,0.503459,0.512666,0.452771,0.168238,0.038367,0.455879,0.038099,nube
0.399215,0.683961,0.245779,0.198069,0.823972,0.898513,0.803048,0.777745,0.559923,0.0251,0.646505,0.853196,multinube
0.422578,0.623584,0.792723,0.682632,0.657686,0.778808,0.754867,0.182889,0.189047,0.304105,0.232611,0.436643,nube
0.44787,0.688528,0.641725,0.518555,0.781685,0.84148,0.742966,0.279547,0.044286,0.066885,0.346343,0.63975,nube
0.363039,0.430216,0.601019,0.784576,0.605481,0.571541,0.43453,0.538568,0.279488,0.011255,0.753206,0.12912,nube
0.25988,0.291047,0.487479,0.837235,0.557347,0.501413,0.356769,0.68298,0.26403,0.098924,0.344245,0.075678,nube
0.22598,0.18227,0.498995,0.79152,0.416223,0.385351,0.289851,0.734128,0.309996,0.031185,0.684233,0.080749,nube
0.430322,0.663443,0.723093,0.795211,0.793259,0.827468,0.70613,0.54312,0.338105,0.064497,0.427551,0.453482,nube
0.529396,0.643873,0.79134,0.558754,0.593641,0.66874,0.621259,0.530757,0.114377,0.301776,0.229673,0.434107,nube
0.285581,0.368718,0.499397,0.532295,0.409591,0.582326,0.650812,0.141643,0.114061,0.123051,0.382763,0.111371,multinube
0.325956,0.471839,0.75962,0.942716,0.700945,0.681557,0.536465,0.590734,0.447894,0.026363,0.599028,0.217151,nube
0.570312,0.784792,0.492928,0.186423,0.804495,0.82303,0.686854,0.493343,0.235965,0.106363,0.305922,0.662441,multinube
0.436408,0.637572,0.613483,0.607062,0.791982,0.78132,0.624409,0.397489,0.092524,0.065398,0.479809,0.490345,nube
0.171785,0.479768,0.337478,0.486759,0.629233,0.895323,0.993037,0.33561,0.196965,0.042389,0.552652,0.535856,nube
0.297719,0.48099,0.407241,0.719619,0.748837,0.732068,0.579183,0.569579,0.183746,0.161708,0.299365,0.440283,nube
0.420003,0.684233,0.463213,0.57472,0.92342,0.871668,0.654809,0.512506,0.166287,0.100244,0.31924,0.604577,multinube
0.324044,0.36467,0.635844,0.799026,0.507345,0.525942,0.451145,0.650151,0.347185,0.028792,0.606099,0.131786,nube
0.26577,0.174705,0.641136,0.81605,0.239657,0.322037,0.353431,0.644491,0.247003,0.029232,0.669765,0.066186,nube
0.182623,0.287442,0.55954,0.85723,0.497232,0.597352,0.589753,0.607729,0.294629,0.008318,0.775382,0.114752,nube
0.2694,0.172926,0.528974,0.778221,0.315118,0.314654,0.264308,0.560063,0.25801,0.009955,0.730576,0.049412,nube
0.178497,0.489992,0.277516,0.403896,0.676591,0.901612,0.956751,0.594019,0.310055,0.0325,0.564032,0.664976,nube
0.677862,0.91808,0.498245,0.181054,0.919245,0.878726,0.671701,0.49048,0.169698,0.320202,0.098931,0.974969,nube
0.322291,0.637416,0.32515,0.167726,0.738626,0.930661,0.94665,1,0.833571,0.001745,0.963533,0.808985,nube
0.361192,0.664196,0.692648,0.701837,0.802798,0.919187,0.861516,0.431632,0.153457,0.017378,0.65753,0.723685,nube
0.320425,0.35495,0.443884,0.688703,0.516372,0.516344,0.424808,0.437212,0.20005,0.059479,0.406564,0.075613,nube
0.247925,0.585224,0.597883,0.678326,0.763419,0.951122,0.958536,0.039835,0.066647,0.072992,0.457324,0.873675,nube
0.331269,0.586577,0.538997,0.62884,0.704155,0.843884,0.825212,0.795158,0.536939,0.047367,0.511064,0.425785,nube
0.650471,0.857887,0.693323,0.354807,0.8025,0.825815,0.693868,0.520667,0.047133,0.591394,0.031674,0.827514,nube
0.614054,0.728782,0.633825,0.364183,0.766955,0.68306,0.472823,0.38648,0.059597,0.280703,0.105053,0.093557,nube
0.528042,0.807644,0.565413,0.215737,0.724894,0.91215,0.927158,0.598142,0.335315,0.04485,0.467091,0.99883,nube
0.335068,0.399523,0.63379,0.809244,0.575359,0.562916,0.449291,0.635724,0.377184,0.009798,0.789548,0.132046,nube
0.373998,0.567101,0.582265,0.747572,0.792787,0.759143,0.58371,0.384777,0.115086,0.078977,0.351298,0.318575,multinube
0.367824,0.273995,0.625411,0.675339,0.247151,0.334773,0.368808,0.517468,0.209481,0.015738,0.681242,0.025811,nube
0.097421,0.035195,0,0.310656,0.373688,0.336849,0.245362,0.852683,0.570532,0.000312,0.985124,0.001495,cieloDespejado
0.316673,0.510365,0.504376,0.728475,0.680472,0.750568,0.68117,0.517584,0.147034,0.080726,0.340636,0.429946,nube
0.254434,0.247089,0.509319,0.892411,0.520749,0.443693,0.289733,0.653311,0.254824,0.052704,0.485406,0.094662,nube
0.434472,0.715861,0.660474,0.690809,0.842194,0.899368,0.786272,0.636602,0.357379,0.110883,0.311466,0.524608,nube
0.452779,0.443906,0.683658,0.614168,0.450775,0.47412,0.414791,0.522224,0.227123,0.062797,0.454794,0.136142,nube
0.381728,0.430407,0.63592,0.755824,0.580596,0.547327,0.415987,0.46613,0.219249,0.05399,0.482094,0.161498,nube
0.475007,0.759671,0.514023,0.44994,0.902309,0.910879,0.746556,0.450685,0.135402,0.027453,0.556518,0.97887,nube
0.94818,0.733714,0.764243,0.067652,0.376477,0.252405,0.090671,0.534128,0.365465,0.128783,0.27787,0.017554,nube
0.075368,0.098422,0.506011,0.926393,0.384432,0.459041,0.454348,0.615289,0.368912,0.058306,0.695922,0.106495,nube
0.348916,0.287091,0.666567,0.68195,0.308974,0.378879,0.386003,0.404405,0.249917,0.028626,0.664733,0.097848,nube
0.193628,0.327698,0.514958,0.839866,0.58844,0.642325,0.578975,0.460479,0.180344,0.06117,0.390817,0.176256,nube
0.31509,0.161813,0.352878,0.570813,0.295556,0.238373,0.146764,0.512952,0.237486,0.018914,0.657727,0.00143,nube
0.736573,0.972659,0.639799,0.224508,0.905031,0.882304,0.692424,0.40737,0.084764,0.48854,0.052656,0.97809,nube
0.353045,0.471493,0.556405,0.761694,0.627379,0.645541,0.545623,0.548005,0.166788,0.153282,0.230777,0.135622,multinube
0.41367,0.456058,0.696514,0.617974,0.451434,0.543309,0.538578,0.439072,0.346986,0.033354,0.65809,0.100709,nube
0.386884,0.398117,0.569258,0.650931,0.474192,0.492928,0.425084,0.419214,0.149465,0.100985,0.282399,0.068981,nube
0.712646,0.961707,0.487497,0.080734,0.870866,0.897505,0.754102,0.544536,0.327048,0.032775,0.541009,0.998115,nube
0.31966,0.63118,0.435441,0.451756,0.752659,0.924907,0.922197,0.439627,0.194674,0.05029,0.480598,0.78896,multinube
0.380343,0.43038,0.630075,0.797357,0.557253,0.549103,0.442643,0.533649,0.389722,0.008907,0.770664,0.053378,nube
0.427865,0.12902,0.570857,0.465476,0.043633,0.042178,0.047073,0.563976,0.234067,0.028849,0.697595,0.031662,cieloDespejado
0.541845,0.454816,0.554853,0.403681,0.338017,0.37348,0.347102,0.604299,0.220341,0.050768,0.506331,0.162928,multinube
0.380983,0.245147,0.594695,0.682474,0.332993,0.274963,0.174951,0.456946,0.184314,0.022133,0.628529,0.040309,nube
0.083771,0.102008,0.217789,0.543134,0.347885,0.453318,0.480787,0.709191,0.441464,0.011572,0.785787,0.02048,nube
0.338768,0.52663,0.622087,0.696791,0.646762,0.745605,0.706125,0.701442,0.467798,0.019434,0.653622,0.237241,nube
0.303557,0.195338,0.56873,0.657706,0.272356,0.302953,0.28624,0.611415,0.197386,0.045964,0.56474,0.062155,nube
0.226055,0.091563,0.474547,0.73782,0.237968,0.251419,0.228109,0.684082,0.316037,0.012522,0.792358,0.057929,multinube
0.485295,0.604772,0.915459,0.776805,0.689456,0.66885,0.525156,0.412776,0.284973,0.035624,0.545281,0.409141,nube
0.273905,0.341019,0.611425,0.847232,0.524704,0.556762,0.489133,0.431914,0.221857,0.01594,0.687312,0.044145,nube
